{
    "Match": 0.4596774193548387,
    "Query Error": 0.27419354838709675,
    "No Match": 0.25806451612903225,
    "SQL error": 0.008064516129032258
}