{
    "Query Error": 0.5,
    "Match": 0.25,
    "No Match": 0.16666666666666666,
    "Unknown": 0.08333333333333333
}