{
    "Match": 0.46774193548387094,
    "Query Error": 0.28225806451612906,
    "No Match": 0.22580645161290322,
    "SQL error": 0.016129032258064516,
    "Unknown": 0.008064516129032258
}