{
    "Match": 0.4596774193548387,
    "Query Error": 0.2903225806451613,
    "No Match": 0.23387096774193547,
    "Unknown": 0.008064516129032258,
    "SQL error": 0.008064516129032258
}