{
    "Match": 0.5483870967741935,
    "Query Error": 0.23387096774193547,
    "No Match": 0.20967741935483872,
    "SQL error": 0.008064516129032258
}