{
    "Match": 0.4596774193548387,
    "Query Error": 0.27419354838709675,
    "No Match": 0.25,
    "SQL error": 0.016129032258064516
}