{
    "Match": 0.46774193548387094,
    "Query Error": 0.25806451612903225,
    "No Match": 0.25,
    "SQL error": 0.016129032258064516,
    "Unknown": 0.008064516129032258
}