{
    "Query Error": 0.5374149659863946,
    "Match": 0.25170068027210885,
    "No Match": 0.20408163265306123,
    "SQL error": 0.006802721088435374
}