{
    "Query Error": 0.6802721088435374,
    "No Match": 0.17006802721088435,
    "Match": 0.14965986394557823
}