{
    "Query Error": 0.43537414965986393,
    "Match": 0.30612244897959184,
    "No Match": 0.23129251700680273,
    "SQL error": 0.02040816326530612,
    "Unknown": 0.006802721088435374
}