{
    "Query Error": 0.42857142857142855,
    "Match": 0.2925170068027211,
    "No Match": 0.2653061224489796,
    "SQL error": 0.006802721088435374,
    "Unknown": 0.006802721088435374
}