{
    "Query Error": 0.43537414965986393,
    "Match": 0.3129251700680272,
    "No Match": 0.24489795918367346,
    "SQL error": 0.006802721088435374
}