{
    "Query Error": 0.9863945578231292,
    "Unknown": 0.013605442176870748
}