{
    "Query Error": 0.42857142857142855,
    "Match": 0.2925170068027211,
    "No Match": 0.2585034013605442,
    "SQL error": 0.013605442176870748,
    "Unknown": 0.006802721088435374
}