{
    "Query Error": 0.9931972789115646,
    "Unknown": 0.006802721088435374
}