{
    "Query Error": 0.4489795918367347,
    "Unknown": 0.3741496598639456,
    "SQL error": 0.17687074829931973
}