{
    "Query Error": 0.5510204081632653,
    "Match": 0.24489795918367346,
    "No Match": 0.20408163265306123
}