{
    "Query Error": 0.4217687074829932,
    "Match": 0.3333333333333333,
    "No Match": 0.23129251700680273,
    "SQL error": 0.013605442176870748
}