{
    "Query Error": 0.5714285714285714,
    "No Match": 0.24489795918367346,
    "Match": 0.1836734693877551
}